Model,Price,Motor,Year,Link,Image
Dodge Pickup, 19 999 €,5.8,1979,https://www.nettiauto.com/dodge/pickup/10506632,https://cdn.nettiauto.com/live/10506632/Dodge-Pickup-7b537b0067f5cb1a-largeThumbnail.jpg
Chevrolet Scottsdale, 7 000 €,6.2,1981,https://www.nettiauto.com/chevrolet/scottsdale/10500483,https://cdn.nettiauto.com/live/10500483/Chevrolet-Scottsdale-61596a933990d475-largeThumbnail.jpg
Chevrolet Pickup,Ei hinnoiteltu,3.8,1957,https://www.nettiauto.com/chevrolet/pickup/10500289,https://cdn.nettiauto.com/live/10500289/Chevrolet-Pickup-07f8f71f943920ce-largeThumbnail.jpg
Ford F100, 13 900 €,6.4,1970,https://www.nettiauto.com/ford/f100/10495468,https://cdn.nettiauto.com/live/10495468/Ford-F100-22fbeaf0cdaa6778-largeThumbnail.jpg
Chevrolet Pickup,Ei hinnoiteltu,0.1,1953,https://www.nettiauto.com/chevrolet/pickup/10495318,https://cdn.nettiauto.com/live/10495318/Chevrolet-Pickup-383de77e414ab278-largeThumbnail.jpg
Dodge Pickup, 2 500 €,3.7,1978,https://www.nettiauto.com/dodge/pickup/10492980,https://cdn.nettiauto.com/live/10492980/Dodge-Pickup-bf39b43684e40493-largeThumbnail.jpg
GMC Pickup, 2 000 €,2.8,1983,https://www.nettiauto.com/gmc/pickup/10491905,https://cdn.nettiauto.com/live/10491905/GMC-Pickup-7e385003f8d0ce9a-largeThumbnail.jpg
Chevrolet Fleetside, 6 550 €,5.7,1982,https://www.nettiauto.com/chevrolet/fleetside/10483014,https://cdn.nettiauto.com/live/10483014/Chevrolet-Fleetside-b502ceb64cd982ee-largeThumbnail.jpg
Ford F100,Ei hinnoiteltu,5.3,1955,https://www.nettiauto.com/ford/f100/10478304,https://cdn.nettiauto.com/live/10478304/Ford-F100-91e63472fef5cb4d-largeThumbnail.jpg
Chevrolet C20, 13 900 €,6.5,1968,https://www.nettiauto.com/chevrolet/c20/10474173,https://cdn.nettiauto.com/live/10474173/Chevrolet-C20-030552a12e98eacb-largeThumbnail.jpg
Chevrolet Pickup,Ei hinnoiteltu,3.4,1942,https://www.nettiauto.com/chevrolet/pickup/10466773,https://cdn.nettiauto.com/live/10466773/Chevrolet-Pickup-66e47c8f3cb7a5f9-largeThumbnail.jpg
Chevrolet C10, 24 900 €,5.4,1966,https://www.nettiauto.com/chevrolet/c10/10465418,https://cdn.nettiauto.com/live/10465418/Chevrolet-C10-30ade72a77ccedbf-largeThumbnail.jpg
Chevrolet Stepside, 16 990 €,5.7,1963,https://www.nettiauto.com/chevrolet/stepside/10463922,https://cdn.nettiauto.com/live/10463922/Chevrolet-Stepside-65e78b4242f09ae1-largeThumbnail.jpg
Ford F100, 32 000 €,4.3,1941,https://www.nettiauto.com/ford/f100/10462003,https://cdn.nettiauto.com/live/10462003/Ford-P100-719af93637051e10-largeThumbnail.jpg
Chevrolet C20, 13 450 €,4.6,1965,https://www.nettiauto.com/chevrolet/c20/10451250,https://cdn.nettiauto.com/live/10451250/Chevrolet-C20-593c69642c28aaed-largeThumbnail.jpg
Chevrolet Pickup, 35 000 €,4.3,1949,https://www.nettiauto.com/chevrolet/pickup/10451134,https://cdn.nettiauto.com/live/10451134/Chevrolet-Pickup-48ce953b43a3ef49-largeThumbnail.jpg
Chevrolet C10, 15 000 €,5.7,1958,https://www.nettiauto.com/chevrolet/c10/10441363,https://cdn.nettiauto.com/live/10441363/Chevrolet-C10-fb369c6c9011b8b3-largeThumbnail.jpg
Chevrolet Scottsdale, 4 400 €,6.2,1982,https://www.nettiauto.com/chevrolet/scottsdale/10434846,https://cdn.nettiauto.com/live/10434846/Chevrolet-Scottsdale-666688ae5e131d0a-largeThumbnail.jpg
Chevrolet C10, 4 900 €,5.0,1979,https://www.nettiauto.com/chevrolet/c10/10434753,https://cdn.nettiauto.com/live/10434753/Chevrolet-C10-0118d0eb39ce7b48-largeThumbnail.jpg
Chevrolet Pickup, 18 000 €,5.7,1946,https://www.nettiauto.com/chevrolet/pickup/10432712,https://cdn.nettiauto.com/live/10432712/Chevrolet-Pickup-8cf0a46476286ea2-largeThumbnail.jpg
GMC Pickup, 15 900 €,5.0,1963,https://www.nettiauto.com/gmc/pickup/10431928,https://cdn.nettiauto.com/live/10431928/GMC-Pickup-35a1f3b87f6e7d28-largeThumbnail.jpg
Chevrolet Scottsdale, 4 800 €,5.0,1981,https://www.nettiauto.com/chevrolet/scottsdale/10431126,https://cdn.nettiauto.com/live/10431126/Chevrolet-Scottsdale-3bdaf646acaa2912-largeThumbnail.jpg
Chevrolet Pickup, 14 000 €,3.6,1944,https://www.nettiauto.com/chevrolet/pickup/10427466,https://cdn.nettiauto.com/live/10427466/Chevrolet-Pickup-20b8fac27de45f5a-largeThumbnail.jpg
Dodge Pickup,Ei hinnoiteltu,3.6,1952,https://www.nettiauto.com/dodge/pickup/10408142,https://cdn.nettiauto.com/live/10408142/Dodge-Pickup-2d4353fe2e0942ac-largeThumbnail.jpg
Ford F100, 32 900 €,6.3,1952,https://www.nettiauto.com/ford/f100/10406130,https://cdn.nettiauto.com/live/10406130/Ford-F100-869382c9990c366a-largeThumbnail.jpg
Chevrolet Scottsdale, 6 400 €,5.0,1980,https://www.nettiauto.com/chevrolet/scottsdale/10400552,https://cdn.nettiauto.com/live/10400552/Chevrolet-Scottsdale-80e230cb1a83915c-largeThumbnail.jpg
Chevrolet Scottsdale, 3 100 €,6.2,1982,https://www.nettiauto.com/chevrolet/scottsdale/10394583,https://cdn.nettiauto.com/live/10394583/Chevrolet-Scottsdale-485c8888e13afab9-largeThumbnail.jpg
Ford F100, 12 400 €,5.9,1968,https://www.nettiauto.com/ford/f100/10391697,https://cdn.nettiauto.com/live/10391697/Ford-F100-a7989054a3b29054-largeThumbnail.jpg
Dodge Pickup, 12 500 €,5.2,1966,https://www.nettiauto.com/dodge/pickup/10372379,https://cdn.nettiauto.com/live/10372379/Dodge-Pickup-bd58d83aece71e93-largeThumbnail.jpg
Ford F100, 52 500 €,5.7,1956,https://www.nettiauto.com/ford/f100/10358715,https://cdn.nettiauto.com/live/10358715/Ford-F100-84195ef2d40fe1b2-largeThumbnail.jpg
